{"cameraMode":{"drawMode":0,"name":"Shaded","section":"Shading Mode"},"sceneLighting":false,"audioPlay":false,"sceneViewState":{"showFog":false,"showMaterialUpdate":false,"showSkybox":false,"showFlares":false,"showImageEffects":false,"showParticleSystems":false},"in2DMode":false,"pivot":{"x":486.175048828125,"y":62.12959671020508,"z":523.7971801757813},"rotation":{"x":-0.5778332948684692,"y":-0.16398917138576508,"z":0.119874507188797,"w":-0.7904722690582275},"size":176.49880981445313,"orthographic":false}