{"cameraMode":{"drawMode":0,"name":"Shaded","section":"Shading Mode"},"sceneLighting":true,"audioPlay":false,"sceneViewState":{"showFog":false,"showMaterialUpdate":false,"showSkybox":false,"showFlares":false,"showImageEffects":false,"showParticleSystems":false},"in2DMode":false,"pivot":{"x":3.3999996185302736,"y":8.970001220703125,"z":-1.5400004386901856},"rotation":{"x":0.09275112301111222,"y":0.41722026467323305,"z":-0.04285378009080887,"w":0.903043806552887},"size":100.02593231201172,"orthographic":false}