{"cameraMode":{"drawMode":0,"name":"Shaded","section":"Shading Mode"},"sceneLighting":true,"audioPlay":false,"sceneViewState":{"showFog":false,"showMaterialUpdate":false,"showSkybox":false,"showFlares":false,"showImageEffects":false,"showParticleSystems":false},"in2DMode":false,"pivot":{"x":-30.68973731994629,"y":7.222097396850586,"z":13.159988403320313},"rotation":{"x":0.12374942004680634,"y":0.11069957911968231,"z":-0.013894438743591309,"w":0.9860216379165649},"size":120.0311279296875,"orthographic":false}