{"cameraMode":{"drawMode":0,"name":"Shaded","section":"Shading Mode"},"sceneLighting":false,"audioPlay":false,"sceneViewState":{"showFog":false,"showMaterialUpdate":false,"showSkybox":false,"showFlares":false,"showImageEffects":false,"showParticleSystems":false},"in2DMode":false,"pivot":{"x":-16.12010383605957,"y":28.152599334716798,"z":-15.777542114257813},"rotation":{"x":0.12292227894067764,"y":-0.790368914604187,"z":0.16883143782615663,"w":0.5759366750717163},"size":79.72633361816406,"orthographic":false}