{"cameraMode":{"drawMode":0,"name":"Shaded","section":"Shading Mode"},"sceneLighting":false,"audioPlay":false,"sceneViewState":{"showFog":false,"showMaterialUpdate":false,"showSkybox":false,"showFlares":false,"showImageEffects":false,"showParticleSystems":false},"in2DMode":false,"pivot":{"x":23.831010818481447,"y":2.062633514404297,"z":-58.68886184692383},"rotation":{"x":0.15309679508209229,"y":0.30090412497520449,"z":-0.04900912567973137,"w":0.9400086402893066},"size":3.561875581741333,"orthographic":false}