{"cameraMode":{"drawMode":0,"name":"Shaded","section":"Shading Mode"},"sceneLighting":false,"audioPlay":false,"sceneViewState":{"showFog":false,"showMaterialUpdate":false,"showSkybox":false,"showFlares":false,"showImageEffects":false,"showParticleSystems":false},"in2DMode":false,"pivot":{"x":-0.007476306054741144,"y":0.3243890702724457,"z":-0.14481592178344727},"rotation":{"x":-0.0000060926840887987059,"y":0.9997602105140686,"z":-0.02189730666577816,"w":-0.00029564168653450906},"size":1.1986106634140015,"orthographic":false}