{"cameraMode":{"drawMode":0,"name":"Shaded","section":"Shading Mode"},"sceneLighting":false,"audioPlay":false,"sceneViewState":{"showFog":false,"showMaterialUpdate":false,"showSkybox":false,"showFlares":false,"showImageEffects":false,"showParticleSystems":false},"in2DMode":false,"pivot":{"x":-1.9805779457092286,"y":2.4467082023620607,"z":15.40695571899414},"rotation":{"x":0.029636234045028688,"y":0.05575689673423767,"z":0.001655581989325583,"w":-0.9980031251907349},"size":22.0,"orthographic":false}