{"cameraMode":{"drawMode":0,"name":"Shaded","section":"Shading Mode"},"sceneLighting":true,"audioPlay":false,"sceneViewState":{"showFog":false,"showMaterialUpdate":false,"showSkybox":false,"showFlares":false,"showImageEffects":false,"showParticleSystems":false},"in2DMode":false,"pivot":{"x":959.9999389648438,"y":540.0,"z":0.0000171661376953125},"rotation":{"x":0.11127814650535584,"y":0.040237605571746829,"z":0.0045089153572916988,"w":-0.9929641485214233},"size":1898.7950439453125,"orthographic":false}