{"cameraMode":{"drawMode":0,"name":"Shaded","section":"Shading Mode"},"sceneLighting":true,"audioPlay":false,"sceneViewState":{"showFog":true,"showMaterialUpdate":false,"showSkybox":true,"showFlares":true,"showImageEffects":true,"showParticleSystems":true},"in2DMode":false,"pivot":{"x":-41.937618255615237,"y":20.240459442138673,"z":96.57183074951172},"rotation":{"x":0.14321383833885194,"y":-0.007128057535737753,"z":0.0010323327733203769,"w":0.9896656274795532},"size":22.0,"orthographic":false}