{"cameraMode":{"drawMode":0,"name":"Shaded","section":"Shading Mode"},"sceneLighting":false,"audioPlay":false,"sceneViewState":{"showFog":true,"showMaterialUpdate":false,"showSkybox":true,"showFlares":true,"showImageEffects":true,"showParticleSystems":true},"in2DMode":false,"pivot":{"x":-14.729999542236329,"y":51.40999984741211,"z":0.004999998956918716},"rotation":{"x":0.01644560508430004,"y":0.08777913451194763,"z":-0.001449401257559657,"w":0.9960031509399414},"size":33.45416259765625,"orthographic":false}