{"cameraMode":{"drawMode":0,"name":"Shaded","section":"Shading Mode"},"sceneLighting":false,"audioPlay":false,"sceneViewState":{"showFog":true,"showMaterialUpdate":false,"showSkybox":true,"showFlares":true,"showImageEffects":true,"showParticleSystems":true},"in2DMode":false,"pivot":{"x":4.394959449768066,"y":14.430010795593262,"z":19.409231185913087},"rotation":{"x":0.11973725259304047,"y":0.00998908281326294,"z":-0.0012064968468621374,"w":0.9927546381950378},"size":34.43851852416992,"orthographic":false}