{"cameraMode":{"drawMode":0,"name":"Shaded","section":"Shading Mode"},"sceneLighting":false,"audioPlay":false,"sceneViewState":{"showFog":true,"showMaterialUpdate":false,"showSkybox":true,"showFlares":true,"showImageEffects":true,"showParticleSystems":true},"in2DMode":false,"pivot":{"x":17.59185791015625,"y":21.416969299316408,"z":-8.578001976013184},"rotation":{"x":-0.001816498232074082,"y":-0.9977689981460571,"z":0.059337254613637927,"w":-0.030543187633156778},"size":17.95323371887207,"orthographic":false}