{"cameraMode":{"drawMode":0,"name":"Shaded","section":"Shading Mode"},"sceneLighting":false,"audioPlay":false,"sceneViewState":{"showFog":true,"showMaterialUpdate":false,"showSkybox":true,"showFlares":true,"showImageEffects":true,"showParticleSystems":true},"in2DMode":false,"pivot":{"x":58.95548629760742,"y":62.46430206298828,"z":-6.114636421203613},"rotation":{"x":0.05601950362324715,"y":-0.6752682328224182,"z":0.05156226083636284,"w":0.7336320281028748},"size":36.823158264160159,"orthographic":false}