{"cameraMode":{"drawMode":0,"name":"Shaded","section":"Shading Mode"},"sceneLighting":true,"audioPlay":false,"sceneViewState":{"showFog":true,"showMaterialUpdate":false,"showSkybox":true,"showFlares":true,"showImageEffects":true,"showParticleSystems":true},"in2DMode":false,"pivot":{"x":-4.2809576988220219,"y":104.08391571044922,"z":-0.812852144241333},"rotation":{"x":-0.10135200619697571,"y":-0.20735348761081696,"z":0.02160470560193062,"w":-0.972761869430542},"size":4.354133605957031,"orthographic":false}