{"cameraMode":{"drawMode":0,"name":"Shaded","section":"Shading Mode"},"sceneLighting":false,"audioPlay":false,"sceneViewState":{"showFog":true,"showMaterialUpdate":false,"showSkybox":true,"showFlares":true,"showImageEffects":true,"showParticleSystems":true},"in2DMode":false,"pivot":{"x":0.7885871529579163,"y":19.472030639648439,"z":14.545597076416016},"rotation":{"x":-0.0234221201390028,"y":0.003542994149029255,"z":0.0004724220489151776,"w":0.9997193217277527},"size":40.742794036865237,"orthographic":false}