{"cameraMode":{"drawMode":0,"name":"Shaded","section":"Shading Mode"},"sceneLighting":false,"audioPlay":false,"sceneViewState":{"showFog":true,"showMaterialUpdate":false,"showSkybox":true,"showFlares":true,"showImageEffects":true,"showParticleSystems":true},"in2DMode":false,"pivot":{"x":-0.6262798309326172,"y":19.010000228881837,"z":-0.3800000250339508},"rotation":{"x":-0.003507127519696951,"y":-0.9710156917572022,"z":-0.014274820685386658,"w":0.2385634332895279},"size":3.500910997390747,"orthographic":false}