{"cameraMode":{"drawMode":0,"name":"Shaded","section":"Shading Mode"},"sceneLighting":false,"audioPlay":false,"sceneViewState":{"showFog":false,"showMaterialUpdate":false,"showSkybox":false,"showFlares":false,"showImageEffects":false,"showParticleSystems":false},"in2DMode":false,"pivot":{"x":-5.321918964385986,"y":8.7317533493042,"z":-8.576048851013184},"rotation":{"x":-0.04346287623047829,"y":-0.9551745653152466,"z":-0.16802142560482026,"w":0.2405049353837967},"size":16.268840789794923,"orthographic":false}