{"cameraMode":{"drawMode":0,"name":"Shaded","section":"Shading Mode"},"sceneLighting":false,"audioPlay":false,"sceneViewState":{"showFog":false,"showMaterialUpdate":false,"showSkybox":false,"showFlares":false,"showImageEffects":false,"showParticleSystems":false},"in2DMode":false,"pivot":{"x":4.410000324249268,"y":18.145999908447267,"z":0.004999998956918716},"rotation":{"x":0.1036514937877655,"y":-0.14545325934886933,"z":-0.01556440070271492,"w":-0.9839049577713013},"size":34.43851852416992,"orthographic":false}