{"cameraMode":{"drawMode":0,"name":"Shaded","section":"Shading Mode"},"sceneLighting":false,"audioPlay":false,"sceneViewState":{"showFog":false,"showMaterialUpdate":false,"showSkybox":false,"showFlares":false,"showImageEffects":false,"showParticleSystems":false},"in2DMode":false,"pivot":{"x":5.350828170776367,"y":52.226165771484378,"z":1.6567533016204835},"rotation":{"x":0.02485373057425022,"y":0.08265729248523712,"z":-0.0017322269268333912,"w":0.9966810345649719},"size":25.173725128173829,"orthographic":false}