{"cameraMode":{"drawMode":0,"name":"Shaded","section":"Shading Mode"},"sceneLighting":false,"audioPlay":false,"sceneViewState":{"showFog":false,"showMaterialUpdate":false,"showSkybox":false,"showFlares":false,"showImageEffects":false,"showParticleSystems":false},"in2DMode":false,"pivot":{"x":-22.538402557373048,"y":50.59804916381836,"z":-30.29743003845215},"rotation":{"x":-0.0014785733073949814,"y":0.9970792531967163,"z":-0.07493097335100174,"w":-0.02224091999232769},"size":22.0,"orthographic":false}