{"cameraMode":{"drawMode":0,"name":"Shaded","section":"Shading Mode"},"sceneLighting":false,"audioPlay":false,"sceneViewState":{"showFog":false,"showMaterialUpdate":false,"showSkybox":false,"showFlares":false,"showImageEffects":false,"showParticleSystems":false},"in2DMode":false,"pivot":{"x":-6.732492923736572,"y":11.63525676727295,"z":-43.98406219482422},"rotation":{"x":-0.03526492416858673,"y":0.15910479426383973,"z":-0.007356621325016022,"w":-0.9866281747817993},"size":8.7327299118042,"orthographic":false}