{"cameraMode":{"drawMode":0,"name":"Shaded","section":"Shading Mode"},"sceneLighting":false,"audioPlay":false,"sceneViewState":{"showFog":false,"showMaterialUpdate":false,"showSkybox":false,"showFlares":false,"showImageEffects":false,"showParticleSystems":false},"in2DMode":false,"pivot":{"x":-11.843243598937989,"y":46.16876220703125,"z":8.555532455444336},"rotation":{"x":-0.028446689248085023,"y":-0.07171820104122162,"z":0.0018249335698783398,"w":-0.9971253275871277},"size":44.410396575927737,"orthographic":false}