{"cameraMode":{"drawMode":0,"name":"Shaded","section":"Shading Mode"},"sceneLighting":false,"audioPlay":false,"sceneViewState":{"showFog":false,"showMaterialUpdate":false,"showSkybox":false,"showFlares":false,"showImageEffects":false,"showParticleSystems":false},"in2DMode":false,"pivot":{"x":0.4390465021133423,"y":50.05962371826172,"z":-16.194202423095704},"rotation":{"x":0.06342492252588272,"y":0.058097951114177707,"z":-0.002557913074269891,"w":0.9964765906333923},"size":4.622631549835205,"orthographic":false}