{"cameraMode":{"drawMode":0,"name":"Shaded","section":"Shading Mode"},"sceneLighting":false,"audioPlay":false,"sceneViewState":{"showFog":false,"showMaterialUpdate":false,"showSkybox":false,"showFlares":false,"showImageEffects":false,"showParticleSystems":false},"in2DMode":false,"pivot":{"x":-22.463001251220704,"y":53.37644958496094,"z":-24.219894409179689},"rotation":{"x":-0.018302462995052339,"y":0.9497421383857727,"z":-0.057117071002721789,"w":-0.3076874017715454},"size":22.0,"orthographic":false}