{"cameraMode":{"drawMode":0,"name":"Shaded","section":"Shading Mode"},"sceneLighting":false,"audioPlay":false,"sceneViewState":{"showFog":false,"showMaterialUpdate":false,"showSkybox":false,"showFlares":false,"showImageEffects":false,"showParticleSystems":false},"in2DMode":false,"pivot":{"x":12.47680377960205,"y":19.49412727355957,"z":-43.935142517089847},"rotation":{"x":-0.0011199548607692123,"y":0.9986069202423096,"z":-0.05207989737391472,"w":-0.018094519153237344},"size":77.0701675415039,"orthographic":false}