{"cameraMode":{"drawMode":0,"name":"Shaded","section":"Shading Mode"},"sceneLighting":false,"audioPlay":false,"sceneViewState":{"showFog":false,"showMaterialUpdate":false,"showSkybox":false,"showFlares":false,"showImageEffects":false,"showParticleSystems":false},"in2DMode":false,"pivot":{"x":51.782562255859378,"y":47.25364303588867,"z":-9.813117980957032},"rotation":{"x":0.058710675686597827,"y":-0.05255680903792381,"z":0.0033073932863771917,"w":0.9972959160804749},"size":19.010318756103517,"orthographic":false}