{"cameraMode":{"drawMode":0,"name":"Shaded","section":"Shading Mode"},"sceneLighting":false,"audioPlay":false,"sceneViewState":{"showFog":false,"showMaterialUpdate":false,"showSkybox":false,"showFlares":false,"showImageEffects":false,"showParticleSystems":false},"in2DMode":false,"pivot":{"x":1.0578193664550782,"y":12.700432777404786,"z":106.07722473144531},"rotation":{"x":0.014249837026000023,"y":0.05731528624892235,"z":-0.00037596226320602,"w":-0.9984214305877686},"size":99.79708099365235,"orthographic":false}