{"cameraMode":{"drawMode":0,"name":"Shaded","section":"Shading Mode"},"sceneLighting":false,"audioPlay":false,"sceneViewState":{"showFog":false,"showMaterialUpdate":false,"showSkybox":false,"showFlares":false,"showImageEffects":false,"showParticleSystems":false},"in2DMode":false,"pivot":{"x":-0.3367725908756256,"y":13.24105167388916,"z":70.10021209716797},"rotation":{"x":0.0011620785808190704,"y":-0.016724253073334695,"z":-0.0014306461671367288,"w":-1.0003350973129273},"size":114.14434814453125,"orthographic":false}