{"cameraMode":{"drawMode":0,"name":"Shaded","section":"Shading Mode"},"sceneLighting":false,"audioPlay":false,"sceneViewState":{"showFog":false,"showMaterialUpdate":false,"showSkybox":false,"showFlares":false,"showImageEffects":false,"showParticleSystems":false},"in2DMode":false,"pivot":{"x":-13.014718055725098,"y":3.3610432147979738,"z":14.224398612976075},"rotation":{"x":0.04065898433327675,"y":0.09302638471126557,"z":-0.0034668452572077514,"w":0.9948586821556091},"size":39.39574432373047,"orthographic":false}