{"cameraMode":{"drawMode":0,"name":"Shaded","section":"Shading Mode"},"sceneLighting":false,"audioPlay":false,"sceneViewState":{"showFog":false,"showMaterialUpdate":false,"showSkybox":false,"showFlares":false,"showImageEffects":false,"showParticleSystems":false},"in2DMode":false,"pivot":{"x":-0.17108556628227235,"y":47.29771423339844,"z":11.217780113220215},"rotation":{"x":-0.09375039488077164,"y":-0.03805498406291008,"z":-0.0030338678043335678,"w":0.9952894449234009},"size":25.39133071899414,"orthographic":false}