{"cameraMode":{"drawMode":0,"name":"Shaded","section":"Shading Mode"},"sceneLighting":false,"audioPlay":false,"sceneViewState":{"showFog":false,"showMaterialUpdate":false,"showSkybox":false,"showFlares":false,"showImageEffects":false,"showParticleSystems":false},"in2DMode":false,"pivot":{"x":11.85531234741211,"y":14.454437255859375,"z":252.6907958984375},"rotation":{"x":-0.08064110577106476,"y":-0.04125339165329933,"z":0.0021544829942286016,"w":-0.9963193535804749},"size":411.5090637207031,"orthographic":false}