{"cameraMode":{"drawMode":0,"name":"Shaded","section":"Shading Mode"},"sceneLighting":false,"audioPlay":false,"sceneViewState":{"showFog":false,"showMaterialUpdate":false,"showSkybox":false,"showFlares":false,"showImageEffects":false,"showParticleSystems":false},"in2DMode":false,"pivot":{"x":-25.399999618530275,"y":74.0,"z":10.9399995803833},"rotation":{"x":-0.057854823768138888,"y":-0.03552297130227089,"z":0.0023171843495219948,"w":-0.9980090856552124},"size":51.9503173828125,"orthographic":false}