{"cameraMode":{"drawMode":0,"name":"Shaded","section":"Shading Mode"},"sceneLighting":false,"audioPlay":false,"sceneViewState":{"showFog":false,"showMaterialUpdate":false,"showSkybox":false,"showFlares":false,"showImageEffects":false,"showParticleSystems":false},"in2DMode":false,"pivot":{"x":0.4631701111793518,"y":49.67044448852539,"z":-3.2866628170013429},"rotation":{"x":0.025417188182473184,"y":0.022793229669332506,"z":0.0005596481496468186,"w":0.9995833039283752},"size":4.124826431274414,"orthographic":false}