{"cameraMode":{"drawMode":0,"name":"Shaded","section":"Shading Mode"},"sceneLighting":false,"audioPlay":false,"sceneViewState":{"showFog":false,"showMaterialUpdate":false,"showSkybox":false,"showFlares":false,"showImageEffects":false,"showParticleSystems":false},"in2DMode":false,"pivot":{"x":11.495192527770996,"y":53.27937316894531,"z":5.12118673324585},"rotation":{"x":0.1829080730676651,"y":-0.0011559928534552456,"z":0.0007623483543284237,"w":0.9832861423492432},"size":21.897199630737306,"orthographic":false}