{"cameraMode":{"drawMode":0,"name":"Shaded","section":"Shading Mode"},"sceneLighting":false,"audioPlay":false,"sceneViewState":{"showFog":false,"showMaterialUpdate":false,"showSkybox":false,"showFlares":false,"showImageEffects":false,"showParticleSystems":false},"in2DMode":false,"pivot":{"x":-16.90123176574707,"y":54.50778579711914,"z":7.962456226348877},"rotation":{"x":0.11469966918230057,"y":-0.09499362111091614,"z":-0.011259246617555619,"w":-0.9888913035392761},"size":33.45417022705078,"orthographic":false}