{"cameraMode":{"drawMode":0,"name":"Shaded","section":"Shading Mode"},"sceneLighting":true,"audioPlay":false,"sceneViewState":{"showFog":false,"showMaterialUpdate":false,"showSkybox":false,"showFlares":false,"showImageEffects":false,"showParticleSystems":false},"in2DMode":false,"pivot":{"x":-25.800615310668947,"y":33.36751937866211,"z":20.457378387451173},"rotation":{"x":-0.0474955178797245,"y":-0.4240037202835083,"z":0.020993856713175775,"w":-0.9046946167945862},"size":22.0,"orthographic":false}