{"cameraMode":{"drawMode":0,"name":"Shaded","section":"Shading Mode"},"sceneLighting":false,"audioPlay":false,"sceneViewState":{"showFog":false,"showMaterialUpdate":false,"showSkybox":false,"showFlares":false,"showImageEffects":false,"showParticleSystems":false},"in2DMode":false,"pivot":{"x":0.36089450120925906,"y":0.7616314888000488,"z":-0.9910723567008972},"rotation":{"x":0.0017032964387908579,"y":0.9988852143287659,"z":-0.04558023810386658,"w":0.022232752293348314},"size":16.951969146728517,"orthographic":false}