{"cameraMode":{"drawMode":0,"name":"Shaded","section":"Shading Mode"},"sceneLighting":false,"audioPlay":false,"sceneViewState":{"showFog":false,"showMaterialUpdate":false,"showSkybox":false,"showFlares":false,"showImageEffects":false,"showParticleSystems":false},"in2DMode":false,"pivot":{"x":-0.023999880999326707,"y":-0.29893824458122256,"z":-0.29700061678886416},"rotation":{"x":-0.16051773726940156,"y":-0.6045933961868286,"z":-0.12599770724773408,"w":0.7700231075286865},"size":1.3956016302108765,"orthographic":false}