{"cameraMode":{"drawMode":0,"name":"Shaded","section":"Shading Mode"},"sceneLighting":false,"audioPlay":false,"sceneViewState":{"showFog":true,"showMaterialUpdate":false,"showSkybox":true,"showFlares":true,"showImageEffects":true,"showParticleSystems":true},"in2DMode":false,"pivot":{"x":0.3454570174217224,"y":99.58150482177735,"z":6.41133975982666},"rotation":{"x":0.20086033642292024,"y":-0.025793852284550668,"z":0.005289120599627495,"w":0.9792659878730774},"size":9.272024154663086,"orthographic":false}