{"cameraMode":{"drawMode":0,"name":"Shaded","section":"Shading Mode"},"sceneLighting":false,"audioPlay":false,"sceneViewState":{"showFog":true,"showMaterialUpdate":false,"showSkybox":true,"showFlares":true,"showImageEffects":true,"showParticleSystems":true},"in2DMode":false,"pivot":{"x":-0.6076139211654663,"y":-9.890546798706055,"z":13.851744651794434},"rotation":{"x":-0.3125723600387573,"y":0.025070788338780404,"z":-0.008253528736531735,"w":-0.9495272040367127},"size":21.402021408081056,"orthographic":false}