{"cameraMode":{"drawMode":0,"name":"Shaded","section":"Shading Mode"},"sceneLighting":false,"audioPlay":false,"sceneViewState":{"showFog":true,"showMaterialUpdate":false,"showSkybox":true,"showFlares":true,"showImageEffects":true,"showParticleSystems":true},"in2DMode":false,"pivot":{"x":-31.093673706054689,"y":10.278316497802735,"z":15.759793281555176},"rotation":{"x":-0.11144208163022995,"y":-0.7555486559867859,"z":0.1333015263080597,"w":-0.6316309571266174},"size":2.8578836917877199,"orthographic":false}