{"cameraMode":{"drawMode":0,"name":"Shaded","section":"Shading Mode"},"sceneLighting":false,"audioPlay":false,"sceneViewState":{"showFog":true,"showMaterialUpdate":false,"showSkybox":true,"showFlares":true,"showImageEffects":true,"showParticleSystems":true},"in2DMode":false,"pivot":{"x":-0.004414677619934082,"y":0.199263334274292,"z":1.586184024810791},"rotation":{"x":0.034540873020887378,"y":-0.2506360709667206,"z":-0.008949162438511849,"w":-0.9674236178398132},"size":4.334733963012695,"orthographic":false}