{"cameraMode":{"drawMode":0,"name":"Shaded","section":"Shading Mode"},"sceneLighting":false,"audioPlay":false,"sceneViewState":{"showFog":true,"showMaterialUpdate":false,"showSkybox":true,"showFlares":true,"showImageEffects":true,"showParticleSystems":true},"in2DMode":false,"pivot":{"x":1791.0169677734375,"y":240.36756896972657,"z":263.3323669433594},"rotation":{"x":-0.15885953605175019,"y":-0.025856027379631997,"z":0.004161126911640167,"w":-0.9869537949562073},"size":746.7047729492188,"orthographic":false}