{"cameraMode":{"drawMode":0,"name":"Shaded","section":"Shading Mode"},"sceneLighting":false,"audioPlay":false,"sceneViewState":{"showFog":true,"showMaterialUpdate":false,"showSkybox":true,"showFlares":true,"showImageEffects":true,"showParticleSystems":true},"in2DMode":false,"pivot":{"x":18.694808959960939,"y":-16.626863479614259,"z":-62.053646087646487},"rotation":{"x":-0.017825258895754815,"y":-0.9819852709770203,"z":0.12293682992458344,"w":-0.14238591492176057},"size":98.94842529296875,"orthographic":false}