{"cameraMode":{"drawMode":0,"name":"Shaded","section":"Shading Mode"},"sceneLighting":false,"audioPlay":false,"sceneViewState":{"showFog":true,"showMaterialUpdate":false,"showSkybox":true,"showFlares":true,"showImageEffects":true,"showParticleSystems":true},"in2DMode":false,"pivot":{"x":11.621722221374512,"y":-26.921772003173829,"z":-18.756608963012697},"rotation":{"x":-0.05756472423672676,"y":-0.9093328714370728,"z":0.3895461857318878,"w":-0.13436497747898103},"size":88.87053680419922,"orthographic":false}