{"cameraMode":{"drawMode":0,"name":"Shaded","section":"Shading Mode"},"sceneLighting":false,"audioPlay":false,"sceneViewState":{"showFog":true,"showMaterialUpdate":false,"showSkybox":true,"showFlares":true,"showImageEffects":true,"showParticleSystems":true},"in2DMode":false,"pivot":{"x":55.420074462890628,"y":-71.90782928466797,"z":-0.721174955368042},"rotation":{"x":-0.29102370142936709,"y":-0.6316795945167542,"z":0.2773395776748657,"w":-0.6628491282463074},"size":109.10316467285156,"orthographic":false}