{"cameraMode":{"drawMode":0,"name":"Shaded","section":"Shading Mode"},"sceneLighting":false,"audioPlay":false,"sceneViewState":{"showFog":true,"showMaterialUpdate":false,"showSkybox":true,"showFlares":true,"showImageEffects":true,"showParticleSystems":true},"in2DMode":false,"pivot":{"x":-0.003975868225097656,"y":4.977452278137207,"z":-7.099368095397949},"rotation":{"x":-0.2662041485309601,"y":0.08733835071325302,"z":-0.02422920987010002,"w":-0.9596459269523621},"size":35.66633605957031,"orthographic":false}