{"cameraMode":{"drawMode":0,"name":"Shaded","section":"Shading Mode"},"sceneLighting":true,"audioPlay":false,"sceneViewState":{"showFog":true,"showMaterialUpdate":false,"showSkybox":true,"showFlares":true,"showImageEffects":true,"showParticleSystems":true},"in2DMode":false,"pivot":{"x":0.011783897876739502,"y":102.24846649169922,"z":0.03603255748748779},"rotation":{"x":-0.07683917135000229,"y":-0.6626951098442078,"z":0.06864778697490692,"w":-0.7417671084403992},"size":NaN,"orthographic":false}