{"cameraMode":{"drawMode":0,"name":"Shaded","section":"Shading Mode"},"sceneLighting":true,"audioPlay":false,"sceneViewState":{"showFog":false,"showMaterialUpdate":false,"showSkybox":false,"showFlares":false,"showImageEffects":false,"showParticleSystems":false},"in2DMode":false,"pivot":{"x":1.3355265855789185,"y":11.586803436279297,"z":0.7410826683044434},"rotation":{"x":-0.5368441343307495,"y":-0.28255540132522585,"z":0.1969505250453949,"w":-0.7701761722564697},"size":7.216592311859131,"orthographic":false}