{"cameraMode":{"drawMode":0,"name":"Shaded","section":"Shading Mode"},"sceneLighting":false,"audioPlay":false,"sceneViewState":{"showFog":false,"showMaterialUpdate":false,"showSkybox":false,"showFlares":false,"showImageEffects":false,"showParticleSystems":false},"in2DMode":false,"pivot":{"x":-2.213350534439087,"y":-0.10899925231933594,"z":-0.35631465911865237},"rotation":{"x":-0.07288866490125656,"y":0.17559140920639039,"z":-0.013037243857979775,"w":-0.9816745519638062},"size":8.916584014892579,"orthographic":false}